,0
0,家庭
1,恭喜
2,报价
3,上下班
4,塑料
5,轴承
6,耐看
7,减震
8,优势
9,5000
10,刹车
11,排量
12,刹车灯
13,安全性
14,100
15,够用
16,担心
17,超车
18,宽敞
19,太小
20,优惠
21,图像
22,安卓
23,静音
24,里程
25,东西
26,17
27,公路
28,2019
29,循环
30,噪音
31,不好
32,手刹
33,刹车油
34,推荐
35,胶套
36,cx5
37,价格
38,玻璃
39,指导价
40,自由
41,合适
42,cd
43,发电机
44,影响
45,空调
46,车尾
47,实用
48,车漆
49,维修
50,gps
51,后期
52,80
53,立德
54,平均速度
55,感受
56,急刹车
57,匀速
58,垃圾
59,文件
60,机油
61,熄火
62,加油
63,后轮
64,操控性
65,气囊
66,一分钱
67,清零
68,舒适
69,动力
70,好看
71,尖叫
72,味道
73,销售
74,市内
75,落地
76,喷漆
77,碰撞
78,用料
79,测试
80,毛病
81,地区
82,不响
83,升级
84,靠背
85,马力
86,支持
87,内饰
88,操控
89,加速
90,车主
91,汽车
92,难看
93,更新
94,实时
95,开关
96,下坡
97,经销商
98,大气
99,产品
100,价钱
101,停车
102,全时
103,建议
104,后排
105,风噪
106,贷款
107,异响
108,北京
109,关税
110,银色
111,油表
112,发出
113,楼兰
114,足够
115,指南
116,14
117,上市
118,人比
119,启动
120,刹车片
121,彩屏
122,外观
123,减速
124,很大
125,路况
126,做工
127,原车
128,汽贸
129,纠结
130,音响
131,材料
132,变化
133,加满
134,记忆
135,性价比
136,颜色
137,关闭
138,abs
139,积碳
140,fb
141,制动
142,不烧
143,2w
144,百公里
145,改改
146,11
147,润滑
148,销量
149,裸车
150,界面
151,费用
152,座椅
153,40
154,空间
155,长途
156,庞大
157,添加剂
158,国内
159,刹车盘
160,雷达
161,车身
162,配置
163,电动
164,国道
165,设计师
166,宝马
167,消耗
168,后视镜
169,菲罗多
170,关系
171,外形
172,换代
173,车况
174,爆震
175,漂亮
176,高德
177,加装
178,12
179,人大
180,前排
181,压缩机
182,全款
183,ej
184,轿车
185,辅助
186,内部空间
187,实惠
188,蓝牙
189,不到
190,不用
191,胎压
192,综合
193,城区
194,速度
195,儿子
196,优点
197,底盘
198,外观设计
199,中控
200,尾门
201,gla
202,还好
203,30
204,轴距
205,全系
206,电子
207,真心
208,13
209,每次
210,省油
211,效果
212,漏油
213,价位
214,地图
215,细节
216,油耗
217,希望
218,有没有
219,清洗
220,0w20
221,车价
222,尊贵
223,主机
224,山寨
225,老款
226,档位
227,力狮
228,家用
229,助力
230,卡钳
231,连接
232,对置
233,低配
234,情况
235,es
236,发现
237,库存
238,镀晶
239,瞬时
240,usb
241,角度
242,手续费
243,q5
244,16
245,昂科威
246,冰雪
247,尾灯
248,后备箱
249,控制
250,小熊
251,国产
252,城市
253,车子
254,曼牌
255,配件
256,wd40
257,满意
258,方向盘
259,差速器
260,音质
261,天窗
262,级别
263,国产车
264,真皮
265,镀铬
266,确实
267,原厂
268,19
269,大灯
270,一代
271,利润
272,20
273,摄像头
274,不在意
275,车衣
276,视野
277,面板
278,制冷
279,cvt
280,美孚
281,打蜡
282,鹰眼
283,避震
284,前脸
285,只能
286,轮胎
287,影像
288,力度
289,发动机
290,没换
291,比傲
292,降价
293,rav4
294,两个
295,便宜
296,声音
297,解决
298,高配
299,cx
300,耐脏
301,变速箱
302,价格便宜
303,导航
304,刹车踏板
305,开过
306,乘坐
307,奇骏
308,xt
309,堵车
310,黑色
311,个油
312,均速
313,估计
314,越改越
315,空滤
316,舒适性
317,獠牙
318,主动
319,更好
320,定速
321,工作
322,性能
323,dixcel
324,护板
325,现金
